string,path
"t(date.toLocaleString(this.language, { month: 'long' })","{""src/components/atoms/EvoconVDatePicker/index.vue"":true}"
t(this.selectionType),"{""src/components/molecules/DateRangeFilter/index.vue"":true}"
t(this.internalSelectionType),"{""src/components/molecules/DoubleDateRangeMenu/index.vue"":true}"
t(widget.config.widgetTitle),"{""src/components/molecules/WidgetTabsRow/index.vue"":true}"
t(widget.name),"{""src/components/molecules/WidgetTabsRow/index.vue"":true}"
t(globalAnnouncement.title),"{""src/components/organisms/GlobalAnnouncementDialog/index.vue"":true}"
t(this.globalAnnouncement.text),"{""src/components/organisms/GlobalAnnouncementDialog/index.vue"":true}"
"t(formatDate(item.date, format.labelFormat)","{""src/components/organisms/dashboard/ChecklistWidget/index.vue"":true}"
"t(formatDate(d.date, labelFormat)","{""src/components/organisms/dashboard/DashboardOeeBarWidget/index.vue"":true}"
t(entity.name),"{""src/components/organisms/dashboard/DashboardWidgetEdit/index.vue"":true}"
t(this.measure),"{""src/components/organisms/factoriesOverview/FactoriesOverviewTimelinesChart/index.vue"":true}"
t(report.name),"{""src/components/organisms/reports/ReportsBookmarkDrawer/index.vue"":true}"
t(d.measureLabel),"{""src/components/organisms/reports/ReportsChart/ReportsChart.js"":true}"
t(dialogData.name),"{""src/components/organisms/reports/ReportsDownloadDialog/index.vue"":true}"
t(reportName),"{""src/components/organisms/reports/ReportsExportInfoDialog/index.vue"":true}"
t(item.text),"{""src/components/organisms/reports/ReportsGraphLegend/index.vue"":true}"
t(text),"{""src/components/organisms/reports/ReportsGraphLegend/index.vue"":true,""src/stores/genericNotification/index.js"":true}"
t(action),"{""src/components/organisms/settings/SettingsEntitiesTable/TableConfigs/activityLogTableHeadersConf.js"":true}"
t(entity.reference),"{""src/components/organisms/settings/SettingsEntitiesTable/TableConfigs/activityLogTableHeadersConf.js"":true}"
t(result.message || 'We are sorry! There is a problem with your request')),"{""src/components/organisms/shiftview/EditScrapDialog/index.vue"":true}"
t(response.message),"{""src/components/organisms/shiftview/EditSignalDialog/index.vue"":true}"
t(scrapResult.find((res),"{""src/components/organisms/shiftview/ScrapOverviewDialog/index.vue"":true}"
"t(`Product list is limited to 300 items, please use search`)","{""src/components/organisms/shiftview/ShiftviewChangeoverDialog/index.vue"":true}"
t(measure.currentName),"{""src/components/organisms/shiftview/ShiftviewMeasuresWidget/index.vue"":true}"
t(role.name),"{""src/components/pages/settings/SettingsActivityLogsSettingsOverview/settingsLogsEntitiesConfig.js"":true}"
t(role),"{""src/components/pages/settings/SettingsActivityLogsSettingsOverview/settingsLogsEntitiesConfig.js"":true,""src/components/pages/settings/SettingsAllowedIPsOverview/index.vue"":true,""src/stores/profile/index.js"":true}"
"t(route.runTimeType.replace('UNIT', '{unit}'))","{""src/components/pages/settings/SettingsProductEdit/index.vue"":true}"
t(commentResponse.message),"{""src/components/pages/shiftview/ShiftViewMain/index.vue"":true}"
t(signalResponse.message),"{""src/components/pages/shiftview/ShiftViewMain/index.vue"":true}"
t(scrapResult.message || 'We are sorry! There is a problem with your request')),"{""src/components/pages/shiftview/ShiftViewMain/index.vue"":true}"
t(val),"{""src/stores/reportsConfig/configurations/tableColumns/commonTimeColumns.js"":true}"